SKU;Producto;Categoria;Problemas
150584;"Acido Valproico 200 mg x 30 Comprimidos (Cenabast)";Salud Mental;"Falta campo en bullets: Vía de administración | Falta campo en bullets: Receta médica | Falta campo en bullets: Laboratorio | Principio activo es igual al nombre del producto | Indicación genérica: "Bienestar emocional y salud mental""
150175;"Ácido Valproico 200mg 30 Comprimidos";Salud Mental;"mojibake: +ü → Á | Principio activo es igual al nombre del producto"
150020;"Ácido Valproico 250 mg 20 Comprimidos Recubiertos";Salud Mental;"mojibake: +ü → Á | Principio activo es igual al nombre del producto"
106793;"Actan 20 mg x 60 Cápsulas";Salud Mental;"mojibake: +í → á"
106792;"Actan Fluoxetina 20 mg 30 cápsulas";Salud Mental;"mojibake: +í → á"
91297;"Alivax 75mg x 30 Capsulas";Salud Mental;"Principio activo es igual al nombre del producto | Indicación genérica: "trastornos de salud mental""
91074;"Alprazolam 0,5 mg x 30 Comprimidos";Salud Mental;"Principio activo es igual al nombre del producto"
110457;"Alprazolam 0,5mg 30 Comprimidos";Salud Mental;"Principio activo es igual al nombre del producto"
140827;"Alprazolam 0,5mg x 30 Comprimidos (CENABAST)";Salud Mental;"Principio activo es igual al nombre del producto"
120264;"Altruline Sertralina 100mg 30 Comprimidos Recubierto";Salud Mental;"Falta campo en bullets: Concentración | Falta campo en bullets: Vía de administración | Laboratorio vacío o "No especificado""
53638;"Amato Comprimidos 25 mg x 60";Salud Mental;"Falta campo en bullets: Laboratorio"
90972;"Amitriptilina Clorhidrato 25 mg x 100 Comprimidos";Salud Mental;"Principio activo es igual al nombre del producto"
99078;"Amitriptilina Clorhidrato 25mg 24 Comprimidos";Salud Mental;"Falta campo en bullets: Concentración | Falta campo en bullets: Vía de administración | Laboratorio vacío o "No especificado""
151135;"Anfebutamona Clorhidrato 150 mg x 30 Comprimidos";Salud Mental;"Falta campo en bullets: Principio activo | Falta campo en bullets: Concentración | Falta campo en bullets: Indicación | Falta campo en bullets: Vía de administración | Falta campo en bullets: Receta médica | Falta campo en bullets: Laboratorio | Laboratorio vacío o "No especificado""
158852;"Anfebutamona Clorhidrato 300 mg x 30 Comprimidos";Salud Mental;"Falta campo en bullets: Principio activo | Falta campo en bullets: Concentración | Falta campo en bullets: Indicación | Falta campo en bullets: Vía de administración | Falta campo en bullets: Receta médica | Falta campo en bullets: Laboratorio | Laboratorio vacío o "No especificado""
131559;"Ansietil 30 mg x 30 Comprimidos";Salud Mental;"Falta campo en bullets: Laboratorio"
;"Aripiprazol 10 mg 3 x 10 comprimidos";Salud Mental;"Falta campo en bullets: Principio activo | Falta campo en bullets: Concentración | Falta campo en bullets: Indicación | Falta campo en bullets: Vía de administración | Falta campo en bullets: Receta médica | Falta campo en bullets: Laboratorio"
158896;"Aripiprazol 10 mg 30 comprimidos";Salud Mental;"Falta campo en bullets: Concentración | Falta campo en bullets: Vía de administración | Falta campo en bullets: Laboratorio | Principio activo es igual al nombre del producto"
129717;"Aripiprazol 10mg 30 Comprimidos";Salud Mental;"Falta campo en bullets: Laboratorio | Principio activo es igual al nombre del producto"
15438;"Aripiprazol 10mg 30 Comprimidos";Salud Mental;"Principio activo es igual al nombre del producto"
158897;"Aripiprazol 15 mg 30 comprimidos";Salud Mental;"Principio activo es igual al nombre del producto | Laboratorio vacío o "No especificado""
140237;"Aripiprazol 15 mg x 30 Comprimidos";Salud Mental;"Principio activo es igual al nombre del producto"
158898;"Aripiprazol 5 mg 30 Comprimidos";Salud Mental;"Falta campo en bullets: Vía de administración | Falta campo en bullets: Receta médica | Falta campo en bullets: Laboratorio | Principio activo es igual al nombre del producto | Indicación genérica: "Bienestar emocional y salud mental""
140238;"Arivitae 5 mg x 28 Comprimidos Recubiertos";Salud Mental;"Falta campo en bullets: Laboratorio"
95971;"Armonyl Compuesto Sol.Oral P/Gotas";Salud Mental;"Falta campo en bullets: Concentración | Principio activo es igual al nombre del producto"
96094;"Armonyl Dia 20 Comprimidos";Salud Mental;"Falta campo en bullets: Concentración"
150908;"Armonyl Día x 60 Comprimidos";Salud Mental;"mojibake: +¡a → ía | mojibake: +¡ → í | Falta campo en bullets: Concentración | Indicación genérica: "trastornos de salud mental""
95512;"Armonyl Noche x 20 Comprimidos Recubiertos";Salud Mental;"Falta campo en bullets: Concentración"
150909;"Armonyl Noche x 60 Comprimidos";Salud Mental;"Falta campo en bullets: Concentración | Principio activo es igual al nombre del producto"
91183;"Asicot 200 mg x 30 Comprimidos";Salud Mental;"Falta campo en bullets: Concentración | Falta campo en bullets: Vía de administración | Falta campo en bullets: Receta médica | Falta campo en bullets: Laboratorio"
104720;"Azymol Aripiprazol 10mg 30 Comprimidos";Salud Mental;"Falta campo en bullets: Concentración | Falta campo en bullets: Vía de administración | Laboratorio vacío o "No especificado""
104719;"Azymol Aripiprazol 15mg 30 Comprimidos";Salud Mental;"Falta campo en bullets: Concentración | Falta campo en bullets: Vía de administración | Laboratorio vacío o "No especificado""
83047;"Bectam 20 mg x 30 Comprimidos";Salud Mental;"Principio activo es igual al nombre del producto"
131232;"Betis 10 mg x 30 Comprimidos";Salud Mental;"Falta campo en bullets: Vía de administración | Falta campo en bullets: Receta médica | Falta campo en bullets: Laboratorio | Indicación genérica: "Bienestar emocional y salud mental""
131231;"Betis 5 mg x 30 Comprimidos";Salud Mental;"Falta campo en bullets: Vía de administración | Falta campo en bullets: Receta médica | Falta campo en bullets: Laboratorio | Indicación genérica: "Bienestar emocional y salud mental""
159482;"Binax Duloxetina 30mg 28 Cápsulas de Recubrimiento Entérico";Salud Mental;"Falta campo en bullets: Concentración | Falta campo en bullets: Vía de administración | Laboratorio vacío o "No especificado""
110685;"Bromazepam 3mg 30 Comprimidos";Salud Mental;"Principio activo es igual al nombre del producto"
82340;"Bupredol 150mg 30 Comprimidos";Salud Mental;"Falta campo en bullets: Vía de administración | Falta campo en bullets: Receta médica | Falta campo en bullets: Laboratorio | Indicación genérica: "Bienestar emocional y salud mental""
82258;"Bupredol LP 150 mg x 60 Comprimidos";Salud Mental;"Falta campo en bullets: Vía de administración | Falta campo en bullets: Receta médica | Falta campo en bullets: Laboratorio | Indicación genérica: "Bienestar emocional y salud mental""
159537;"BUPREDOL TABL RECU LP 150 MG x 30 COMP";Salud Mental;"Principio activo es igual al nombre del producto | Laboratorio vacío o "No especificado" | Indicación genérica: "trastornos de salud mental""
53483;"Butrino 150mg 30 Comprimidos LP";Salud Mental;"Principio activo es igual al nombre del producto | Indicación genérica: "trastornos de salud mental""
150476;"Butrino XL 300 mg x 30 Comprimidos Recubiertos de Liberación Prolongada";Salud Mental;"Falta campo en bullets: Principio activo | Falta campo en bullets: Concentración | Falta campo en bullets: Indicación | Falta campo en bullets: Vía de administración | Falta campo en bullets: Receta médica | Falta campo en bullets: Laboratorio | Laboratorio vacío o "No especificado""
53596;"Butrino XL Anfebutamona 150mg 30 Comprimidos Prolongados";Salud Mental;"Falta campo en bullets: Principio activo | Falta campo en bullets: Concentración | Falta campo en bullets: Indicación | Falta campo en bullets: Vía de administración | Falta campo en bullets: Receta médica | Falta campo en bullets: Laboratorio | Laboratorio vacío o "No especificado""
106914;"Buxon 150 mg x 30 Comprimidos";Salud Mental;"Falta campo en bullets: Principio activo | Falta campo en bullets: Concentración | Falta campo en bullets: Indicación | Falta campo en bullets: Vía de administración | Falta campo en bullets: Receta médica | Falta campo en bullets: Laboratorio | Laboratorio vacío o "No especificado""
106922;"Buxon 150 mg x 60 Comprimidos";Salud Mental;"Falta campo en bullets: Principio activo | Falta campo en bullets: Concentración | Falta campo en bullets: Indicación | Falta campo en bullets: Vía de administración | Falta campo en bullets: Receta médica | Falta campo en bullets: Laboratorio | Laboratorio vacío o "No especificado""
99042;"Carbamazepina 200 mg x 20 Comprimidos";Salud Mental;"Principio activo es igual al nombre del producto"
110670;"Carbamazepina 200 mg x 20 Comprimidos";Salud Mental;"Principio activo es igual al nombre del producto"
150594;"Carbamazepina 200 mg x 20 Comprimidos (Cenabast)";Salud Mental;"Principio activo es igual al nombre del producto"
91307;"Carbamazepina 200mg 20 Comprimidos";Salud Mental;"Principio activo es igual al nombre del producto"
138360;"Carboron Retard 400 mg x 30 Comprimidos";Salud Mental;"Falta campo en bullets: Principio activo | Falta campo en bullets: Concentración | Falta campo en bullets: Indicación | Falta campo en bullets: Vía de administración | Falta campo en bullets: Laboratorio"
140492;"Chipten";Salud Mental;"Falta campo en bullets: Concentración"
105036;"Ciblex Mirtazapina 30mg 30 Comprimidos Recubiertos";Salud Mental;"Falta campo en bullets: Concentración | Falta campo en bullets: Vía de administración | Falta campo en bullets: Laboratorio"
110663;"Ciclobenzaprina 10 mg x 20 Comprimidos";Salud Mental;"Principio activo es igual al nombre del producto"
82469;"Ciclobenzaprina 10 mg x 20 Tabletas";Salud Mental;"Principio activo es igual al nombre del producto"
91240;"Ciclobenzaprina 10mg 20 Comprimidos";Salud Mental;"Falta campo en bullets: Concentración | Falta campo en bullets: Laboratorio"
53413;"Ciclobenzaprina Clorhidrato 10mg x 20 Unidades";Salud Mental;"Principio activo es igual al nombre del producto"
15059;"Circalife 3mg 30 Cápsulas";Salud Mental;"Falta campo en bullets: Principio activo | Falta campo en bullets: Concentración | Falta campo en bullets: Indicación | Falta campo en bullets: Vía de administración | Falta campo en bullets: Receta médica | Falta campo en bullets: Laboratorio"
140355;"Circalife Melatonina Gotas";Salud Mental;"Falta campo en bullets: Concentración"
139525;"Citalopram 20 mg 30 Comprimidos";Salud Mental;"Falta campo en bullets: Laboratorio | Principio activo es igual al nombre del producto"
91469;"Citalopram 20 mg 30 Comprimidos";Salud Mental;"Principio activo es igual al nombre del producto"
111431;"Citalopram 20mg Comprimidos";Salud Mental;"Principio activo es igual al nombre del producto"
54594;"Citoneuron 30 Cápsulas";Salud Mental;"mojibake: +í → á | Falta campo en bullets: Concentración"
91199;"Clonazepam 0,5 mg 30 Comprimidos";Salud Mental;"Falta campo en bullets: Principio activo | Falta campo en bullets: Concentración | Falta campo en bullets: Indicación | Falta campo en bullets: Vía de administración | Falta campo en bullets: Laboratorio"
110635;"Clonazepam 0,5 mg x 30 Comprimidos";Salud Mental;"Principio activo es igual al nombre del producto"
82479;"Clonazepam 2 mg 30 Comprimidos";Salud Mental;"Falta campo en bullets: Principio activo | Falta campo en bullets: Concentración | Falta campo en bullets: Indicación | Falta campo en bullets: Vía de administración | Falta campo en bullets: Laboratorio"
140393;"Clonazepam 2 mg x 30 Comprimidos";Salud Mental;"Falta campo en bullets: Concentración | Falta campo en bullets: Vía de administración | Falta campo en bullets: Laboratorio | Principio activo es igual al nombre del producto"
150003;"Clonazepam 2mg x 30 Comprimidos";Salud Mental;"Principio activo es igual al nombre del producto"
53873;"Daksol 100 x 28";Salud Mental;"Falta campo en bullets: Concentración"
53872;"Daksol 50 x 28 Comprimidos";Salud Mental;"Falta campo en bullets: Concentración"
151067;"Depakene Jarabe 250 mg/5 ml x 120 ml";Salud Mental;"Falta campo en bullets: Vía de administración | Falta campo en bullets: Receta médica | Falta campo en bullets: Laboratorio | Indicación genérica: "Bienestar emocional y salud mental""
120854;"Depurol Retard 37,5 x 30 Cápsulas";Salud Mental;"Falta campo en bullets: Concentración | Falta campo en bullets: Vía de administración | Laboratorio vacío o "No especificado""
120853;"Depurol Retard Venlafaxina 37.5 mg x 20 cápsulas";Salud Mental;"mojibake: +í → á"
55384;"Deslafax 100 mg x 30 Comprimidos";Salud Mental;"Falta campo en bullets: Concentración | Falta campo en bullets: Laboratorio"
150678;"Desvenlafaxina 100 mg x 30 Comprimidos";Salud Mental;"Falta campo en bullets: Concentración | Falta campo en bullets: Vía de administración | Falta campo en bullets: Laboratorio | Principio activo es igual al nombre del producto"
150411;"Desvenlafaxina 100 mg x 30 Comprimidos Recubiertos de Liberación Prolongada";Salud Mental;"Principio activo es igual al nombre del producto"
150242;"Desvenlafaxina 50 mg x 30 Comprimidos Recubiertos (Momenta)";Salud Mental;"Principio activo es igual al nombre del producto"
150410;"Desvenlafaxina 50 mg x 30 Comprimidos Recubiertos de Liberación Prolongada";Salud Mental;"Principio activo es igual al nombre del producto"
104613;"Diazepam 10 mg";Salud Mental;"Principio activo es igual al nombre del producto"
90978;"Diazepam 10mg 20 Comprimidos";Salud Mental;"Principio activo es igual al nombre del producto"
110660;"Diazepam 10mg 20 Comprimidos";Salud Mental;"Principio activo es igual al nombre del producto"
90149;"Dilasedan Clotiazepam 10 mg x 30 Comprimidos";Salud Mental;"Falta campo en bullets: Principio activo | Falta campo en bullets: Concentración | Falta campo en bullets: Indicación | Falta campo en bullets: Vía de administración | Falta campo en bullets: Laboratorio"
140631;"Divalprex 500 mg x 50 Comprimidos Recubiertos";Salud Mental;"Falta campo en bullets: Laboratorio"
140576;"Divalprex Ácido Valproico 250mg 50 Comprimidos Recubiertos";Salud Mental;"mojibake: +ü → Á"
105392;"Dolnix";Salud Mental;"Falta campo en bullets: Concentración"
129731;"Donepezilo Clorhidrato 10 mg 30 Comprimidos";Salud Mental;"Indicación genérica: "trastornos de salud mental""
140444;"Duloxetina 30 mg x 28 Cápsulas";Salud Mental;"mojibake: +í → á | Principio activo es igual al nombre del producto"
158903;"Duloxetina 30 mg x 30 cápsulas";Salud Mental;"mojibake: +í → á | Principio activo es igual al nombre del producto"
140156;"Duloxetina 30 mg x 30 Cápsulas";Salud Mental;"mojibake: +í → á | Principio activo es igual al nombre del producto"
129720;"Duloxetina 60 mg  30 Cápsulas";Salud Mental;"Falta campo en bullets: Principio activo | Falta campo en bullets: Concentración | Falta campo en bullets: Indicación | Falta campo en bullets: Vía de administración | Falta campo en bullets: Laboratorio"
158904;"Duloxetina 60 mg 30 cápsulas";Salud Mental;"mojibake: +í → á | Principio activo es igual al nombre del producto"
15417;"Duloxetina 60 mg x 30 Capsulas";Salud Mental;"Falta campo en bullets: Principio activo | Falta campo en bullets: Concentración | Falta campo en bullets: Indicación | Falta campo en bullets: Vía de administración | Falta campo en bullets: Laboratorio"
91178;"Ectiban 10 mg x 30 Comprimidos";Salud Mental;"Principio activo es igual al nombre del producto | Indicación genérica: "trastornos de salud mental""
91348;"Ectien XR 37,5 mg x 30 Cápsulas con MicroGránulos Recubiertos de Liberación Prolongada";Salud Mental;"Falta campo en bullets: Concentración | Falta campo en bullets: Laboratorio"
107770;"Efexor XR 37,5 mg x 30 Cápsulas";Salud Mental;"mojibake: +í → á"
107769;"Efexor XR 75 mg x 30 Cápsulas";Salud Mental;"mojibake: +í → á"
105062;"Eleval Sertralina 50 mg x 60 Comprimidos";Salud Mental;"Falta campo en bullets: Concentración | Falta campo en bullets: Vía de administración | Falta campo en bullets: Laboratorio"
52803;"Elontril XL Anfebutamona 150mg 30 Comprimidos Recubiertos";Salud Mental;"Falta campo en bullets: Principio activo | Falta campo en bullets: Concentración | Falta campo en bullets: Indicación | Falta campo en bullets: Vía de administración | Falta campo en bullets: Receta médica | Falta campo en bullets: Laboratorio | Laboratorio vacío o "No especificado""
52804;"Elontril XL Anfebutamona 300mg 30 Comprimidos Recubiertos";Salud Mental;"Falta campo en bullets: Principio activo | Falta campo en bullets: Concentración | Falta campo en bullets: Indicación | Falta campo en bullets: Vía de administración | Falta campo en bullets: Receta médica | Falta campo en bullets: Laboratorio | Laboratorio vacío o "No especificado""
120936;"Escitalopram 10 mg x 30 Comprimidos";Salud Mental;"Principio activo es igual al nombre del producto"
110666;"Escitalopram 10 mg x 30 Comprimidos";Salud Mental;"Principio activo es igual al nombre del producto"
151098;"Escitalopram 10 mg x 30 Comprimidos";Salud Mental;"Principio activo es igual al nombre del producto"
150605;"Escitalopram 10 mg x 30 Comprimidos (Cenabast)";Salud Mental;"Principio activo es igual al nombre del producto"
150790;"Escitalopram 10 mg x 30 Comprimidos (Cenabast)";Salud Mental;"Principio activo es igual al nombre del producto"
140050;"Escitalopram 10 mg x 30 Comprimidos Recubiertos";Salud Mental;"Principio activo es igual al nombre del producto"
150211;"Escitalopram 10 mg x 30 Comprimidos Recubiertos";Salud Mental;"Principio activo es igual al nombre del producto"
91303;"Escitalopram 10mg 30 Comprimidos";Salud Mental;"Falta campo en bullets: Principio activo | Falta campo en bullets: Concentración | Falta campo en bullets: Indicación | Falta campo en bullets: Vía de administración | Falta campo en bullets: Laboratorio"
129750;"Escitalopram 10mg x 30 Comprimidos";Salud Mental;"Principio activo es igual al nombre del producto"
129707;"Escitalopram 20 mg x 30 Comprimidos";Salud Mental;"Falta campo en bullets: Vía de administración | Falta campo en bullets: Receta médica | Falta campo en bullets: Laboratorio | Principio activo es igual al nombre del producto | Indicación genérica: "Bienestar emocional y salud mental""
52865;"Escitalopram Com Rec 10 mg";Salud Mental;"Principio activo es igual al nombre del producto"
151036;"Eszopiclona 3mg 30 Comprimidos Recubiertos";Salud Mental;"Falta campo en bullets: Principio activo | Falta campo en bullets: Concentración | Falta campo en bullets: Indicación | Falta campo en bullets: Vía de administración | Falta campo en bullets: Laboratorio"
150097;"Eszopiclona 3mg 30 Comprimidos Recubiertos";Salud Mental;"Falta campo en bullets: Concentración | Falta campo en bullets: Vía de administración | Falta campo en bullets: Laboratorio"
131516;"Eutebrol 10 mg x 60 Comprimidos";Salud Mental;"Falta campo en bullets: Vía de administración | Falta campo en bullets: Receta médica | Falta campo en bullets: Laboratorio | Indicación genérica: "Bienestar emocional y salud mental""
107054;"Evocaz CD 5 mg x 30 Comprimidos";Salud Mental;"Principio activo es igual al nombre del producto | Indicación genérica: "trastornos de salud mental""
131547;"Fapris 50 Mg X 30 Comp";Salud Mental;"Principio activo es igual al nombre del producto"
90983;"Fenitoina Sodica 100 mg 30 comprimidos";Salud Mental;"Principio activo es igual al nombre del producto"
150098;"Fenobarbital 100mg x 30 Comprimidos";Salud Mental;"Principio activo es igual al nombre del producto"
140785;"Flumazenil 0,5mg/5ml x 10 amp";Salud Mental;"Principio activo es igual al nombre del producto"
82388;"Fluoxetina 20 mg x 20 Comprimidos";Salud Mental;"Principio activo es igual al nombre del producto"
150480;"Fluoxetina 20 mg x 60 Comprimidos";Salud Mental;"Principio activo es igual al nombre del producto"
91073;"Fluoxetina 20mg 20 Comprimidos";Salud Mental;"Falta campo en bullets: Principio activo | Falta campo en bullets: Concentración | Falta campo en bullets: Indicación | Falta campo en bullets: Vía de administración | Falta campo en bullets: Laboratorio"
119603;"Fluoxetina 20mg x 20 Comp";Salud Mental;"Principio activo es igual al nombre del producto"
110490;"Fluoxetina 20mg x 20 Comprimidos";Salud Mental;"Principio activo es igual al nombre del producto"
15442;"Gabapentina 300 mg x 30 Capsulas";Salud Mental;"Falta campo en bullets: Principio activo | Falta campo en bullets: Concentración | Falta campo en bullets: Indicación | Falta campo en bullets: Vía de administración | Falta campo en bullets: Laboratorio"
15443;"Gabapentina 400 mg  30 Cápsulas";Salud Mental;"mojibake: +í → á | Principio activo es igual al nombre del producto | Doble espacio en title_optimizado | Doble espacio en meta_description_optimizado | Doble espacio en descripcion_intranet"
98677;"Gamalate B6 x 30 Comprimidos";Salud Mental;"Falta campo en bullets: Concentración"
99129;"Gamalate B6 x 60 Comprimidos";Salud Mental;"Falta campo en bullets: Concentración"
140623;"Gofyl (B) 200mg 30 Comprimidos Recubiertos";Salud Mental;"Falta campo en bullets: Concentración | Falta campo en bullets: Vía de administración | Falta campo en bullets: Receta médica | Falta campo en bullets: Laboratorio"
140624;"Gofyl 100 mg x 30 Comprimidos Recubiertos";Salud Mental;"Falta campo en bullets: Concentración | Falta campo en bullets: Vía de administración | Falta campo en bullets: Receta médica | Falta campo en bullets: Laboratorio"
140596;"Gofyl 25mg x 30 Comprimidos Recubiertos";Salud Mental;"Falta campo en bullets: Concentración | Falta campo en bullets: Vía de administración | Falta campo en bullets: Receta médica | Falta campo en bullets: Laboratorio"
90959;"Grifoparkin Carbidopa/Levodopa 25/250 30 Comprimidos";Salud Mental;"Falta campo en bullets: Concentración"
131323;"Haloperidol 1mg 30 Comprimidos";Salud Mental;"Principio activo es igual al nombre del producto"
131325;"Haloperidol 5 mg x 20 Comprimidos";Salud Mental;"Principio activo es igual al nombre del producto"
140679;"Haloperidol 5 mg x 20 Comprimidos (CENABAST)";Salud Mental;"Principio activo es igual al nombre del producto"
150195;"Haloperidol 5mg/ml x 100 ampollas";Salud Mental;"Principio activo es igual al nombre del producto"
131359;"Hexalectol x 50 Comprimidos";Salud Mental;"Falta campo en bullets: Concentración | Principio activo es igual al nombre del producto"
140264;"Imipramina Clorhidrato 25 mg x 40 grageas";Salud Mental;"Principio activo es igual al nombre del producto"
91000;"Imipramina Clorhidrato 25mg 40 Comprimidos Recubiertos";Salud Mental;"Principio activo es igual al nombre del producto"
140391;"Ipran Escitalopram 10mg 40 Comprimidos Recubiertos";Salud Mental;"Falta campo en bullets: Concentración | Falta campo en bullets: Vía de administración | Falta campo en bullets: Laboratorio"
105633;"Ipran Escitalopram 20mg 40 Comprimidos Recubiertos";Salud Mental;"Falta campo en bullets: Concentración | Falta campo en bullets: Vía de administración | Falta campo en bullets: Laboratorio"
140807;"Irazem ODT 10 x 28 Comprimidos Bucodispersables";Salud Mental;"Falta campo en bullets: Concentración"
57086;"Keppra Levetiracetam 500mg 60 Comprimidos Recubiertos";Salud Mental;"Doble espacio en title_optimizado | Doble espacio en descripcion_intranet"
150820;"Lacosamida 100 mg  30 Comprimidos";Salud Mental;"Principio activo es igual al nombre del producto | Doble espacio en title_optimizado | Doble espacio en meta_description_optimizado | Doble espacio en descripcion_intranet"
159031;"Lacosamida 100mg 30 comprimidos";Salud Mental;"Principio activo es igual al nombre del producto"
;"Lamictal 50 mg x 30 Comprimidos Dispersables";Salud Mental;"Falta campo en bullets: Principio activo | Falta campo en bullets: Concentración | Falta campo en bullets: Indicación | Falta campo en bullets: Vía de administración | Falta campo en bullets: Receta médica | Falta campo en bullets: Laboratorio"
91415;"Lamotrigina 100 mg 30 Comprimidos";Salud Mental;"Falta campo en bullets: Principio activo | Falta campo en bullets: Concentración | Falta campo en bullets: Indicación | Falta campo en bullets: Vía de administración | Falta campo en bullets: Laboratorio"
150212;"Lamotrigina 100 mg x 30 comprimidos";Salud Mental;"Principio activo es igual al nombre del producto"
119604;"Lamotrigina 100mg x 30 Comprimidos";Salud Mental;"Principio activo es igual al nombre del producto"
91413;"Lamotrigina 25 mg x 30 Comprimidos";Salud Mental;"Principio activo es igual al nombre del producto"
91414;"Lamotrigina 50 mg x 30 Cd";Salud Mental;"Principio activo es igual al nombre del producto"
150138;"Lamotrigina 50 mg x 30 Comprimidos";Salud Mental;"Principio activo es igual al nombre del producto"
105401;"Lerogin x 30 Comprimidos";Salud Mental;"Falta campo en bullets: Concentración"
129688;"Levetiracetam 1000 mg x 30 Comprimidos Recubiertos";Salud Mental;"Principio activo es igual al nombre del producto"
150623;"Levetiracetam 1000mg x 30 Comprimidos (Cenabast)";Salud Mental;"Principio activo es igual al nombre del producto"
150214;"Levetiracetam 500 mg x 30 Comprimidos Recubiertos";Salud Mental;"Principio activo es igual al nombre del producto"
140491;"Levetiracetam Solución Oral 100 mg /300 ml";Salud Mental;"Principio activo es igual al nombre del producto | Doble espacio en title_optimizado | Doble espacio en descripcion_intranet"
140111;"Levibense 200/50 x 30 Comprimidos";Salud Mental;"Falta campo en bullets: Concentración"
104814;"Lorazepam 2 mg x 30 comprimidos";Salud Mental;"Principio activo es igual al nombre del producto"
150089;"Lorazepam 4mg/2ml x 1 Ampolla";Salud Mental;"Principio activo es igual al nombre del producto"
159518;"Luradon Lurasidona 20mg 30 Comprimidos Recubiertos";Salud Mental;"Falta campo en bullets: Concentración | Falta campo en bullets: Vía de administración | Laboratorio vacío o "No especificado""
138936;"Luvox Fluvoxamina Maleato 100mg 30 Comprimidos";Salud Mental;"Indicación genérica: "trastornos de salud mental""
120093;"Lyrica 150 mg x 14 Cápsulas";Salud Mental;"mojibake: +í → á"
120094;"Lyrica 150 mg x 28 Cápsulas";Salud Mental;"mojibake: +í → á"
120245;"Lyrica 25 mg x 14 Cápsulas";Salud Mental;"mojibake: +í → á"
120091;"Lyrica 75 mg x 14 Cápsulas";Salud Mental;"mojibake: +í → á"
120092;"Lyrica 75 mg x 28 Cápsulas";Salud Mental;"Falta campo en bullets: Concentración | Falta campo en bullets: Vía de administración | Laboratorio vacío o "No especificado""
91341;"Madozide 200/50 x 30 Comprimidos";Salud Mental;"Falta campo en bullets: Concentración"
140415;"Melatonina 3 mg x 30 Cápsulas";Salud Mental;"mojibake: +í → á | Principio activo es igual al nombre del producto"
15079;"Melatonina 3 mg x 30 Capsulas";Salud Mental;"Falta campo en bullets: Concentración | Falta campo en bullets: Vía de administración | Principio activo es igual al nombre del producto | Laboratorio vacío o "No especificado""
150942;"Melatonina 3 mg x 30 Cápsulas";Salud Mental;"mojibake: +í → á | Principio activo es igual al nombre del producto | Laboratorio vacío o "No especificado""
53496;"Melatonina 3 mg x 30 Comprimidos";Salud Mental;"Falta campo en bullets: Principio activo | Falta campo en bullets: Concentración | Falta campo en bullets: Indicación | Falta campo en bullets: Vía de administración | Falta campo en bullets: Laboratorio"
85986;"Melipass x 24 Capsulas";Salud Mental;"Falta campo en bullets: Concentración"
85987;"Melipass x 60 Cápsulas";Salud Mental;"mojibake: +í → á | Falta campo en bullets: Concentración"
86063;"Melissa E.F. Frasco X 30 Cc";Salud Mental;"Falta campo en bullets: Concentración"
140273;"Memantina 20 mg x 30 comprimidos";Salud Mental;"Principio activo es igual al nombre del producto"
140272;"Memantina Clorhidrato 10mg 60 Comprimidos Recubiertos";Salud Mental;"Principio activo es igual al nombre del producto"
106115;"Memorex x 60 Capsulas";Salud Mental;"Falta campo en bullets: Concentración"
106358;"Mimetix Odt 20 mg x 30 Comprimidos";Salud Mental;"Principio activo es igual al nombre del producto | Indicación genérica: "trastornos de salud mental""
150458;"Mirtazapina 30 mg 30 comprimidos";Salud Mental;"Principio activo es igual al nombre del producto"
90960;"Morelin x 30 Comprimidos";Salud Mental;"Falta campo en bullets: Principio activo | Falta campo en bullets: Concentración | Falta campo en bullets: Indicación | Falta campo en bullets: Vía de administración | Falta campo en bullets: Laboratorio"
90044;"Movigil Modafinilo 200mg 30 Comprimidos";Salud Mental;"Falta campo en bullets: Concentración | Falta campo en bullets: Vía de administración | Laboratorio vacío o "No especificado""
159535;"NEOARADIX TABL 10mg x 30";Salud Mental;"Principio activo es igual al nombre del producto"
159536;"NEOARADIX TABL 5 MG x 30 COMP";Salud Mental;"Principio activo es igual al nombre del producto"
106508;"Neoresotyl 50 mg x 30 Comprimidos";Salud Mental;"Principio activo es igual al nombre del producto"
125930;"Nervoheel x 50 Comprimidos Sublinguales";Salud Mental;"Falta campo en bullets: Concentración | Falta campo en bullets: Laboratorio"
125983;"Neurexan x 50 Comprimidos Sublinguales";Salud Mental;"Falta campo en bullets: Concentración | Falta campo en bullets: Vía de administración | Falta campo en bullets: Laboratorio"
150815;"Neurostab 60 mg x 30 Cápsulas";Salud Mental;"mojibake: +í → á"
107037;"Neuroval Cd 10 mg x 30 Comprimidos";Salud Mental;"Falta campo en bullets: Concentración | Falta campo en bullets: Laboratorio"
119615;"Nevinex 150 mg x 30 Cápsulas";Salud Mental;"mojibake: +í → á"
150254;"Nezel XR 150mg x 30 Cápsulas";Salud Mental;"mojibake: +í → á"
150731;"Nortium Quetiapina 25mg 30 Comprimidos Recubiertos";Salud Mental;"Falta campo en bullets: Concentración | Falta campo en bullets: Vía de administración | Falta campo en bullets: Receta médica | Falta campo en bullets: Laboratorio"
140389;"Nortium XR 50 mg 30 Comprimidos Recubiertos de Liberación Prolongada";Salud Mental;"Falta campo en bullets: Concentración | Falta campo en bullets: Vía de administración | Falta campo en bullets: Receta médica | Falta campo en bullets: Laboratorio"
150454;"Olanzapina 10mg x 30 Comprimidos";Salud Mental;"Principio activo es igual al nombre del producto"
150244;"Olanzapina 5mg x 30 Comprimidos Recubiertos";Salud Mental;"Principio activo es igual al nombre del producto"
140490;"Olanzapina de 10mg 28 comp";Salud Mental;"Principio activo es igual al nombre del producto"
159297;"Otoc 8 mg x 10 Comprimidos Bucodispersables (Cenabast)";Salud Mental;"Principio activo es igual al nombre del producto | Indicación genérica: "trastornos de salud mental""
139881;"Paroxetina 20 mg x 30 comprimidos";Salud Mental;"Falta campo en bullets: Laboratorio | Principio activo es igual al nombre del producto"
159128;"Pentinor 50 mg x 40 cap.";Salud Mental;"mojibake: +í → á | Principio activo es igual al nombre del producto | Indicación genérica: "trastornos de salud mental""
15488;"Pentinor 75 mg x 40 Cápsulas";Salud Mental;"mojibake: +í → á"
140581;"Piridostigmina 60mg x 20 Comprimidos";Salud Mental;"Principio activo es igual al nombre del producto"
119463;"Pramipexol 0,25 mg x 30 Comprimidos";Salud Mental;"Principio activo es igual al nombre del producto"
82261;"Prayanol 100 mg x 30 Capsulas";Salud Mental;"mojibake: +í → á"
129715;"Pregabalina 150 mg 30 Cápsulas";Salud Mental;"mojibake: +í → á | Principio activo es igual al nombre del producto"
159242;"Pregabalina 150 mg x 30 cap";Salud Mental;"Principio activo es igual al nombre del producto"
15441;"Pregabalina 150 mg x 30 Cápsulas";Salud Mental;"Falta campo en bullets: Principio activo | Falta campo en bullets: Concentración | Falta campo en bullets: Indicación | Falta campo en bullets: Vía de administración | Falta campo en bullets: Laboratorio"
129703;"Pregabalina 75 mg  30 Cápsulas";Salud Mental;"mojibake: +í → á | Principio activo es igual al nombre del producto | Doble espacio en title_optimizado | Doble espacio en meta_description_optimizado | Doble espacio en descripcion_intranet"
15440;"Pregabalina 75 mg x 30 Cápsulas";Salud Mental;"Falta campo en bullets: Concentración | Falta campo en bullets: Vía de administración | Falta campo en bullets: Laboratorio | Principio activo es igual al nombre del producto"
138841;"Pregalex Pregabalina 75mg 30 Comprimidos";Salud Mental;"Falta campo en bullets: Concentración | Falta campo en bullets: Vía de administración | Falta campo en bullets: Laboratorio"
105164;"Pregobin 150 mg x 30 Capsulas";Salud Mental;"Principio activo es igual al nombre del producto"
90114;"Prestat 75 mg x 40 Comprimidos";Salud Mental;"Falta campo en bullets: Concentración | Falta campo en bullets: Vía de administración | Falta campo en bullets: Laboratorio"
90166;"Prestat Pregabalina 50mg 40 Comprimidos";Salud Mental;"Falta campo en bullets: Vía de administración | Falta campo en bullets: Receta médica | Falta campo en bullets: Laboratorio | Indicación genérica: "Bienestar emocional y salud mental""
91029;"Primidona 250 mg x 50 Comprimidos";Salud Mental;"Principio activo es igual al nombre del producto"
140833;"Prolopa 200 mg; 50 mg x 30 comprimidos (CENABAST)";Salud Mental;"Falta campo en bullets: Principio activo | Falta campo en bullets: Concentración | Falta campo en bullets: Indicación | Falta campo en bullets: Vía de administración | Falta campo en bullets: Laboratorio"
128933;"Prolopa 200/50 30 Comprimidos";Salud Mental;"Falta campo en bullets: Concentración"
128938;"Prolopa Benserazida / Levodopa 25/100 30 Comprimidos";Salud Mental;"Falta campo en bullets: Concentración"
128934;"Prolopa HBS 100mg/25mg 30 Cápsulas";Salud Mental;"mojibake: +í → á"
91462;"Quetiapina 100 mg 30 Comprimidos";Salud Mental;"Falta campo en bullets: Concentración | Falta campo en bullets: Vía de administración | Falta campo en bullets: Receta médica | Falta campo en bullets: Laboratorio | Principio activo es igual al nombre del producto"
15400;"Quetiapina 100 mg x 30 Comprimidos";Salud Mental;"Falta campo en bullets: Concentración | Falta campo en bullets: Vía de administración | Falta campo en bullets: Receta médica | Falta campo en bullets: Laboratorio | Principio activo es igual al nombre del producto"
129737;"Quetiapina 100 mg x 30 Comprimidos";Salud Mental;"Falta campo en bullets: Concentración | Falta campo en bullets: Vía de administración | Falta campo en bullets: Receta médica | Falta campo en bullets: Laboratorio | Principio activo es igual al nombre del producto"
150194;"Quetiapina 100 mg x 30 Comprimidos Recubiertos (CENABAST)";Salud Mental;"Falta campo en bullets: Concentración | Falta campo en bullets: Vía de administración | Falta campo en bullets: Receta médica | Falta campo en bullets: Laboratorio | Principio activo es igual al nombre del producto"
150795;"Quetiapina 100mg x 30 Comprimidos Recubiertos (Cenabast)";Salud Mental;"Falta campo en bullets: Concentración | Falta campo en bullets: Vía de administración | Falta campo en bullets: Receta médica | Falta campo en bullets: Laboratorio"
15401;"Quetiapina 200 mg x 30 Comprimidos";Salud Mental;"Falta campo en bullets: Concentración | Falta campo en bullets: Vía de administración | Falta campo en bullets: Receta médica | Falta campo en bullets: Laboratorio | Principio activo es igual al nombre del producto"
91463;"Quetiapina 25 mg 30 Comprimidos";Salud Mental;"Falta campo en bullets: Concentración | Falta campo en bullets: Vía de administración | Falta campo en bullets: Receta médica | Falta campo en bullets: Laboratorio | Principio activo es igual al nombre del producto"
15399;"Quetiapina 25 mg 30 Comprimidos";Salud Mental;"Falta campo en bullets: Concentración | Falta campo en bullets: Vía de administración | Falta campo en bullets: Receta médica | Falta campo en bullets: Laboratorio | Principio activo es igual al nombre del producto"
129704;"Quetiapina 25 mg x 30 Comprimidos";Salud Mental;"Falta campo en bullets: Vía de administración | Falta campo en bullets: Receta médica | Falta campo en bullets: Laboratorio | Principio activo es igual al nombre del producto | Indicación genérica: "Bienestar emocional y salud mental""
110684;"Quetiapina 25mg 30 Comprimidos";Salud Mental;"Falta campo en bullets: Concentración | Falta campo en bullets: Vía de administración | Falta campo en bullets: Receta médica | Falta campo en bullets: Laboratorio"
158924;"Quetiapina 300 x 30 comp.";Salud Mental;"Falta campo en bullets: Concentración | Falta campo en bullets: Vía de administración | Falta campo en bullets: Receta médica | Falta campo en bullets: Laboratorio"
98981;"Quetiapina Com Rec 100 mg x 30";Salud Mental;"Falta campo en bullets: Concentración | Falta campo en bullets: Vía de administración | Falta campo en bullets: Receta médica | Falta campo en bullets: Laboratorio"
98955;"Quetiapina Com Rec 25 mg x 30";Salud Mental;"Falta campo en bullets: Concentración | Falta campo en bullets: Vía de administración | Falta campo en bullets: Receta médica | Falta campo en bullets: Laboratorio"
150377;"Quetiapina Lp 150mg x 40 Comprimidos";Salud Mental;"Principio activo es igual al nombre del producto"
151048;"Quetiazic 25 mg x 60 Comprimidos";Salud Mental;"Falta campo en bullets: Concentración | Falta campo en bullets: Vía de administración | Falta campo en bullets: Receta médica | Falta campo en bullets: Laboratorio"
131697;"Quetiazic Quetiapina 25mg 30 Comprimidos Recubiertos";Salud Mental;"Falta campo en bullets: Concentración | Falta campo en bullets: Vía de administración | Falta campo en bullets: Receta médica | Falta campo en bullets: Laboratorio"
105755;"Quetidin 100mg Quetiapina";Salud Mental;"Falta campo en bullets: Concentración | Falta campo en bullets: Vía de administración | Falta campo en bullets: Receta médica | Falta campo en bullets: Laboratorio"
105756;"Quetidin 200 mg Quetiapina";Salud Mental;"Falta campo en bullets: Concentración | Falta campo en bullets: Vía de administración | Falta campo en bullets: Receta médica | Falta campo en bullets: Laboratorio"
105754;"Quetidin Quetiapina 25mg 30 Comprimidos Recubiertos";Salud Mental;"Falta campo en bullets: Concentración | Falta campo en bullets: Vía de administración | Falta campo en bullets: Receta médica | Falta campo en bullets: Laboratorio"
106440;"Quetidin xr 200 mg x 30 Comprimidos";Salud Mental;"Falta campo en bullets: Concentración | Falta campo en bullets: Vía de administración | Falta campo en bullets: Receta médica | Falta campo en bullets: Laboratorio"
106441;"Quetidin xr 50 mg x 30 Comprimidos";Salud Mental;"Falta campo en bullets: Concentración | Falta campo en bullets: Vía de administración | Falta campo en bullets: Receta médica | Falta campo en bullets: Laboratorio"
140548;"Quetium 200 Mg. 30 Comprimidos Recubiertos";Salud Mental;"Falta campo en bullets: Concentración | Falta campo en bullets: Vía de administración | Falta campo en bullets: Receta médica | Falta campo en bullets: Laboratorio"
107471;"Quetium Comp 100 mg x 31";Salud Mental;"Principio activo es igual al nombre del producto"
107469;"Quetium Comp 25 mg x 30";Salud Mental;"Falta campo en bullets: Concentración | Falta campo en bullets: Vía de administración | Falta campo en bullets: Receta médica | Falta campo en bullets: Laboratorio"
140549;"Quetium Quetiapina 300 mg 30 Comprimidos";Salud Mental;"Falta campo en bullets: Concentración | Falta campo en bullets: Vía de administración | Falta campo en bullets: Receta médica | Falta campo en bullets: Laboratorio"
139866;"Qurax 100 mg x  30 Comprimidos";Salud Mental;"Falta campo en bullets: Concentración | Falta campo en bullets: Vía de administración | Falta campo en bullets: Receta médica | Falta campo en bullets: Laboratorio"
120625;"Qurax 100 mg. x 30 Comprimidos";Salud Mental;"Falta campo en bullets: Concentración | Falta campo en bullets: Vía de administración | Falta campo en bullets: Receta médica | Falta campo en bullets: Laboratorio"
120602;"Qurax 25 x 30 Comprimidos";Salud Mental;"Falta campo en bullets: Concentración | Falta campo en bullets: Vía de administración | Falta campo en bullets: Receta médica | Falta campo en bullets: Laboratorio"
140527;"Qurax Xr (B) 200mg 30 Comprimidos Prolongados";Salud Mental;"Falta campo en bullets: Concentración | Falta campo en bullets: Vía de administración | Falta campo en bullets: Receta médica | Falta campo en bullets: Laboratorio"
140078;"QURAX XR 150 mg x 30 comp.";Salud Mental;"Falta campo en bullets: Concentración | Falta campo en bullets: Vía de administración | Falta campo en bullets: Receta médica | Falta campo en bullets: Laboratorio"
140076;"QURAX XR 300 mg x 30 comp.";Salud Mental;"Falta campo en bullets: Concentración | Falta campo en bullets: Vía de administración | Falta campo en bullets: Receta médica | Falta campo en bullets: Laboratorio"
140075;"QURAX XR 400 mg x 30 comp.";Salud Mental;"Falta campo en bullets: Concentración | Falta campo en bullets: Vía de administración | Falta campo en bullets: Receta médica | Falta campo en bullets: Laboratorio"
158959;"Risperdal Consta 37,5 (Risperidona)";Salud Mental;"Falta campo en bullets: Concentración"
159013;"Rispyl 2 mg x 20 Comp";Salud Mental;"Principio activo es igual al nombre del producto"
82385;"Ritmenal 400 mg x 30 Cápsulas";Salud Mental;"mojibake: +í → á"
107584;"Rize 10 mg 30 Comprimidos";Salud Mental;"Falta campo en bullets: Laboratorio"
101290;"Sedoran 100 mg x 30 Comprimidos";Salud Mental;"Principio activo es igual al nombre del producto | Indicación genérica: "trastornos de salud mental""
125940;"Selenium-Heelaccord Gotas Orales";Salud Mental;"Falta campo en bullets: Concentración"
53869;"Seronex 50 x 30 Comprimidos";Salud Mental;"Falta campo en bullets: Concentración"
15957;"Seroquel Quetiapina 100 mg 30 Comprimidos Recubierto";Salud Mental;"Falta campo en bullets: Concentración | Falta campo en bullets: Vía de administración | Falta campo en bullets: Receta médica | Falta campo en bullets: Laboratorio"
140611;"Seroquel XR 150 Mg. 30 Comprimidos";Salud Mental;"Falta campo en bullets: Concentración | Falta campo en bullets: Vía de administración | Falta campo en bullets: Receta médica | Falta campo en bullets: Laboratorio"
140612;"Seroquel Xr 300mg x 30 Comprimidos Liberacion Prolongada";Salud Mental;"Falta campo en bullets: Concentración | Falta campo en bullets: Vía de administración | Falta campo en bullets: Receta médica | Falta campo en bullets: Laboratorio"
140614;"Seroquel XR Quetiapina 50 mg 30 Comprimidos Liberación Prolongada";Salud Mental;"Falta campo en bullets: Concentración | Falta campo en bullets: Vía de administración | Falta campo en bullets: Receta médica | Falta campo en bullets: Laboratorio"
140616;"Sertac Sertralina 50mg 30 Comprimidos Recubiertos";Salud Mental;"Falta campo en bullets: Vía de administración | Falta campo en bullets: Receta médica | Falta campo en bullets: Laboratorio | Indicación genérica: "Bienestar emocional y salud mental""
91356;"Sertralina 100 mg 30 Comprimidos";Salud Mental;"Falta campo en bullets: Principio activo | Falta campo en bullets: Concentración | Falta campo en bullets: Indicación | Falta campo en bullets: Vía de administración | Falta campo en bullets: Laboratorio"
140419;"Sertralina 100 mg x 30 comprimidos Ascend";Salud Mental;"Principio activo es igual al nombre del producto"
110679;"Sertralina 100mg 30 Comprimidos";Salud Mental;"Principio activo es igual al nombre del producto"
91164;"Sertralina 50 mg 30 Comprimidos";Salud Mental;"Falta campo en bullets: Principio activo | Falta campo en bullets: Concentración | Falta campo en bullets: Indicación | Falta campo en bullets: Vía de administración | Falta campo en bullets: Laboratorio"
119494;"Sertralina 50 mg x 30 Comprimidos";Salud Mental;"Principio activo es igual al nombre del producto"
110664;"Sertralina 50 mg x 30 Comprimidos";Salud Mental;"Principio activo es igual al nombre del producto"
140575;"Somit CR Zolpidem 12,5 mg x 30 Comprimidos";Salud Mental;"Falta campo en bullets: Principio activo | Falta campo en bullets: Concentración | Falta campo en bullets: Indicación | Falta campo en bullets: Vía de administración | Falta campo en bullets: Laboratorio"
107134;"Somno Zolpidem 10mg 30 Comprimidos Recubiertos";Salud Mental;"Falta campo en bullets: Concentración | Falta campo en bullets: Vía de administración | Falta campo en bullets: Laboratorio"
107133;"Somno Zolpidem 5mg 30 Comprimidos Recubiertos";Salud Mental;"Falta campo en bullets: Concentración | Falta campo en bullets: Vía de administración | Falta campo en bullets: Laboratorio"
91066;"Sostac Fluoxetina 20 mg x 60 Comprimidos";Salud Mental;"Falta campo en bullets: Concentración | Falta campo en bullets: Vía de administración | Falta campo en bullets: Laboratorio"
53760;"Subelan XR Venlafaxina 150 mg 30 Cápsulas";Salud Mental;"mojibake: +í → á"
53758;"Subelan XR Venlafaxina 37,5 mg 30 Cápsulas Liberación Prolongada";Salud Mental;"mojibake: +í → á"
53759;"Subelan XR Venlafaxina 75 mg 30 Cápsulas Liberación Prolongada";Salud Mental;"mojibake: +í → á"
120793;"Sulpivol 50 Mg X 40 Cápsulas";Salud Mental;"mojibake: +í → á"
118969;"Tegretal Cr 200 Carbamazepina x 60 Comprimidos";Salud Mental;"Falta campo en bullets: Concentración"
118948;"Tegretal Cr 400 Carbamazepina x 60 Comprimidos";Salud Mental;"Falta campo en bullets: Concentración"
118970;"Tegretal Cr 400 mg  x 20 Comprimidos";Salud Mental;"Doble espacio en title_optimizado | Doble espacio en meta_description_optimizado | Doble espacio en descripcion_intranet"
91025;"Tensoliv x 30 Comprimidos";Salud Mental;"Falta campo en bullets: Concentración"
22946;"Tioridazina Clorhidrato 25 mg";Salud Mental;"Principio activo es igual al nombre del producto"
90961;"Tonaril Trihexifenidilo 2 mg x 100 Comprimidos";Salud Mental;"Falta campo en bullets: Laboratorio"
131691;"Topictal 25 mg";Salud Mental;"Principio activo es igual al nombre del producto"
140378;"Topivitae Topiramato 100mg 28 Comprimidos Recubiertos";Salud Mental;"Falta campo en bullets: Laboratorio"
98630;"Tradox Lamotrigina 50mg 30 Comprimidos";Salud Mental;"Falta campo en bullets: Concentración | Falta campo en bullets: Vía de administración | Laboratorio vacío o "No especificado""
151134;"Trazodona Clorhidrato 100 mg x 28 Cápsulas";Salud Mental;"mojibake: +í → á | Principio activo es igual al nombre del producto"
150657;"Trigilab 200mg x 30 Comprimidos (Cenabast)";Salud Mental;"Falta campo en bullets: Concentración | Falta campo en bullets: Vía de administración | Laboratorio vacío o "No especificado""
159569;"Trittico 100 mg 20 Comp Ley cenabast";Salud Mental;"Falta campo en bullets: Concentración | Falta campo en bullets: Vía de administración | Laboratorio vacío o "No especificado""
150658;"Trittico 25mg x 20 Cápsulas (Cenabast)";Salud Mental;"mojibake: +í → á"
90955;"Trittico Trazodona 100mg 20 Comprimidos Recubiertos";Salud Mental;"Falta campo en bullets: Concentración | Falta campo en bullets: Vía de administración | Laboratorio vacío o "No especificado""
90956;"Trittico Trazodona 25mg 20 Cápsulas";Salud Mental;"Falta campo en bullets: Concentración"
140594;"Valcote Sprinkle 125 mg x 50 cápsulas";Salud Mental;"mojibake: +í → á"
104341;"Valnoc 3 mg x 30 Comprimidos";Salud Mental;"Falta campo en bullets: Laboratorio"
105706;"Valpax Clonazepam 2 mg 30 Comprimidos";Salud Mental;"Falta campo en bullets: Concentración | Falta campo en bullets: Vía de administración | Falta campo en bullets: Laboratorio"
86246;"Valupass x 24 Cápsulas";Salud Mental;"mojibake: +í → á | Falta campo en bullets: Concentración"
150348;"Venlafaxina 150 mg x 30 caps";Salud Mental;"mojibake: +í → á | Principio activo es igual al nombre del producto"
150863;"Venlafaxina 150 mg x 30 Cápsulas";Salud Mental;"mojibake: +í → á | Principio activo es igual al nombre del producto"
158913;"Venlafaxina 75 mg 30 cápsulas";Salud Mental;"Falta campo en bullets: Vía de administración | Falta campo en bullets: Receta médica | Falta campo en bullets: Laboratorio | Principio activo es igual al nombre del producto | Indicación genérica: "Bienestar emocional y salud mental""
140425;"VENLAFAXINA 75 MG X 30 CAPSULAS";Salud Mental;"Falta campo en bullets: Concentración | Falta campo en bullets: Vía de administración | Principio activo es igual al nombre del producto | Laboratorio vacío o "No especificado""
55791;"Venlavitae 150 mg x 30 Comprimido Recubiertos De Liberación Prolongada";Salud Mental;"mojibake: +í → á"
125943;"Vertigoheel Solucion Oral Gotas";Salud Mental;"Falta campo en bullets: Concentración"
151088;"Vertigoheel x 50 Comprimidos Sublinguales";Salud Mental;"Falta campo en bullets: Concentración"
107009;"Vertium Comp x 10";Salud Mental;"Falta campo en bullets: Concentración"
138538;"Vigisom 2 mg x 30 Comprimidos";Salud Mental;"Laboratorio vacío o "No especificado""
120891;"Vivimex 10 mg x 60 comprimidos recubiertos";Salud Mental;"Principio activo es igual al nombre del producto | Indicación genérica: "trastornos de salud mental""
57083;"Wellbutrin XL Anfebutamona 150mg 30 Comprimidos Prolongados";Salud Mental;"Falta campo en bullets: Principio activo | Falta campo en bullets: Concentración | Falta campo en bullets: Indicación | Falta campo en bullets: Vía de administración | Falta campo en bullets: Receta médica | Falta campo en bullets: Laboratorio | Laboratorio vacío o "No especificado""
57084;"Wellbutrin XL Anfebutamona 300mg 30 Comprimidos Prolongados";Salud Mental;"Falta campo en bullets: Principio activo | Falta campo en bullets: Concentración | Falta campo en bullets: Indicación | Falta campo en bullets: Vía de administración | Falta campo en bullets: Receta médica | Falta campo en bullets: Laboratorio | Laboratorio vacío o "No especificado""
106236;"Zaviana FS Zolpidem 6.25mg 30 Comprimidos Recubiertos";Salud Mental;"Falta campo en bullets: Concentración | Falta campo en bullets: Vía de administración | Falta campo en bullets: Laboratorio"
120066;"Zeldox Ziprasidona 40 mg x 30 Cápsulas";Salud Mental;"mojibake: +í → á"
150979;"Zeledox 40 mg x 30 Cápsulas";Salud Mental;"mojibake: +í → á"
159570;"Zetirol S 10/10 mg 28 Comp Ley cenabast";Salud Mental;"Principio activo es igual al nombre del producto | Indicación genérica: "trastornos de salud mental""
24067;"Zometic Zopiclona 7,5mg 30 Comprimidos Recubiertos";Salud Mental;"Falta campo en bullets: Vía de administración | Falta campo en bullets: Receta médica | Falta campo en bullets: Laboratorio | Indicación genérica: "Bienestar emocional y salud mental""
150229;"Zopiclona 7,5 mg 30 Comprimidos";Salud Mental;"Falta campo en bullets: Concentración | Falta campo en bullets: Laboratorio | Principio activo es igual al nombre del producto"
82470;"Zopiclona 7,5 mg x 30 Comprimidos";Salud Mental;"Principio activo es igual al nombre del producto"
150666;"Zopiclona 7,5mg x 30 Comprimidos (Cenabast)";Salud Mental;"Principio activo es igual al nombre del producto"
91374;"Zubam Odt 5 mg x 30 Comprimidos";Salud Mental;"Principio activo es igual al nombre del producto | Indicación genérica: "trastornos de salud mental""
